--------------------------------------------------------
--  File created - Friday-October-10-2014   
--------------------------------------------------------
--------------------------------------------------------
--  DDL for Table WEB_COUPON_ID
--------------------------------------------------------

  CREATE TABLE "SYSTEM"."WEB_COUPON_ID" 
   (	"COUPON_ID" VARCHAR2(20 BYTE), 
	"COUPON_VILLA_ID" VARCHAR2(20 BYTE), 
	"COUPON_START_DATE" DATE, 
	"COUPON_END_DATE" DATE, 
	"COUPON_DISCOUNT" NUMBER
   ) PCTFREE 10 PCTUSED 40 INITRANS 1 MAXTRANS 255 
 NOCOMPRESS LOGGING
  STORAGE(INITIAL 65536 NEXT 1048576 MINEXTENTS 1 MAXEXTENTS 2147483645
  PCTINCREASE 0 FREELISTS 1 FREELIST GROUPS 1
  BUFFER_POOL DEFAULT FLASH_CACHE DEFAULT CELL_FLASH_CACHE DEFAULT)
  TABLESPACE "SYSTEM" ;
--------------------------------------------------------
--  DDL for Table WEB_FEATURES
--------------------------------------------------------

  CREATE TABLE "SYSTEM"."WEB_FEATURES" 
   (	"FEATURE_ID" VARCHAR2(20 BYTE), 
	"FEATURE_NAME" VARCHAR2(20 BYTE)
   ) PCTFREE 10 PCTUSED 40 INITRANS 1 MAXTRANS 255 
 NOCOMPRESS LOGGING
  STORAGE(INITIAL 65536 NEXT 1048576 MINEXTENTS 1 MAXEXTENTS 2147483645
  PCTINCREASE 0 FREELISTS 1 FREELIST GROUPS 1
  BUFFER_POOL DEFAULT FLASH_CACHE DEFAULT CELL_FLASH_CACHE DEFAULT)
  TABLESPACE "SYSTEM" ;
--------------------------------------------------------
--  DDL for Table WEB_INSPECT
--------------------------------------------------------

  CREATE TABLE "SYSTEM"."WEB_INSPECT" 
   (	"INSPECT_MANAGER_USER_ID" VARCHAR2(20 BYTE), 
	"INSPECT_VILLA_ID" VARCHAR2(20 BYTE), 
	"INSPECT_DATE" DATE, 
	"INSPECT_COMMENT" VARCHAR2(100 BYTE)
   ) PCTFREE 10 PCTUSED 40 INITRANS 1 MAXTRANS 255 
 NOCOMPRESS LOGGING
  STORAGE(INITIAL 65536 NEXT 1048576 MINEXTENTS 1 MAXEXTENTS 2147483645
  PCTINCREASE 0 FREELISTS 1 FREELIST GROUPS 1
  BUFFER_POOL DEFAULT FLASH_CACHE DEFAULT CELL_FLASH_CACHE DEFAULT)
  TABLESPACE "SYSTEM" ;
--------------------------------------------------------
--  DDL for Table WEB_LIKE
--------------------------------------------------------

  CREATE TABLE "SYSTEM"."WEB_LIKE" 
   (	"LIKE_REVIEW_ID" VARCHAR2(20 BYTE), 
	"LIKE_USER_ID" VARCHAR2(20 BYTE)
   ) PCTFREE 10 PCTUSED 40 INITRANS 1 MAXTRANS 255 
 NOCOMPRESS LOGGING
  STORAGE(INITIAL 65536 NEXT 1048576 MINEXTENTS 1 MAXEXTENTS 2147483645
  PCTINCREASE 0 FREELISTS 1 FREELIST GROUPS 1
  BUFFER_POOL DEFAULT FLASH_CACHE DEFAULT CELL_FLASH_CACHE DEFAULT)
  TABLESPACE "SYSTEM" ;
--------------------------------------------------------
--  DDL for Table WEB_MANAGER
--------------------------------------------------------

  CREATE TABLE "SYSTEM"."WEB_MANAGER" 
   (	"MANAGER_USERID" VARCHAR2(20 BYTE), 
	"MANAGER_MANAGED_BY" VARCHAR2(20 BYTE)
   ) PCTFREE 10 PCTUSED 40 INITRANS 1 MAXTRANS 255 
 NOCOMPRESS LOGGING
  STORAGE(INITIAL 65536 NEXT 1048576 MINEXTENTS 1 MAXEXTENTS 2147483645
  PCTINCREASE 0 FREELISTS 1 FREELIST GROUPS 1
  BUFFER_POOL DEFAULT FLASH_CACHE DEFAULT CELL_FLASH_CACHE DEFAULT)
  TABLESPACE "SYSTEM" ;
--------------------------------------------------------
--  DDL for Table WEB_MODIFICATION
--------------------------------------------------------

  CREATE TABLE "SYSTEM"."WEB_MODIFICATION" 
   (	"MODIFICATION_ID" NUMBER, 
	"MODIFICATION_OWNER_ID" VARCHAR2(20 BYTE), 
	"MODIFICATION_VILLA_ID" VARCHAR2(20 BYTE), 
	"MODIFICATION_DATE" DATE
   ) PCTFREE 10 PCTUSED 40 INITRANS 1 MAXTRANS 255 
 NOCOMPRESS LOGGING
  STORAGE(INITIAL 65536 NEXT 1048576 MINEXTENTS 1 MAXEXTENTS 2147483645
  PCTINCREASE 0 FREELISTS 1 FREELIST GROUPS 1
  BUFFER_POOL DEFAULT FLASH_CACHE DEFAULT CELL_FLASH_CACHE DEFAULT)
  TABLESPACE "SYSTEM" ;
--------------------------------------------------------
--  DDL for Table WEB_OWNER
--------------------------------------------------------

  CREATE TABLE "SYSTEM"."WEB_OWNER" 
   (	"OWNER_ID" VARCHAR2(20 BYTE), 
	"OWNER_PHONE" VARCHAR2(20 BYTE), 
	"OWNER_MANAGER_USER_ID" VARCHAR2(20 BYTE)
   ) PCTFREE 10 PCTUSED 40 INITRANS 1 MAXTRANS 255 
 NOCOMPRESS LOGGING
  STORAGE(INITIAL 65536 NEXT 1048576 MINEXTENTS 1 MAXEXTENTS 2147483645
  PCTINCREASE 0 FREELISTS 1 FREELIST GROUPS 1
  BUFFER_POOL DEFAULT FLASH_CACHE DEFAULT CELL_FLASH_CACHE DEFAULT)
  TABLESPACE "SYSTEM" ;
--------------------------------------------------------
--  DDL for Table WEB_RENT
--------------------------------------------------------

  CREATE TABLE "SYSTEM"."WEB_RENT" 
   (	"RENT_ID" VARCHAR2(20 BYTE), 
	"RENT_VILLA_ID" VARCHAR2(20 BYTE), 
	"RENT_USER_ID" VARCHAR2(20 BYTE), 
	"RENT_START_DATE" DATE, 
	"RENT_END_DATE" DATE, 
	"RENT_AMOUNT_USER_DEPOSIT" NUMBER, 
	"RENT_COUPON_ID" VARCHAR2(20 BYTE)
   ) PCTFREE 10 PCTUSED 40 INITRANS 1 MAXTRANS 255 
 NOCOMPRESS LOGGING
  STORAGE(INITIAL 65536 NEXT 1048576 MINEXTENTS 1 MAXEXTENTS 2147483645
  PCTINCREASE 0 FREELISTS 1 FREELIST GROUPS 1
  BUFFER_POOL DEFAULT FLASH_CACHE DEFAULT CELL_FLASH_CACHE DEFAULT)
  TABLESPACE "SYSTEM" ;
--------------------------------------------------------
--  DDL for Table WEB_REVIEW
--------------------------------------------------------

  CREATE TABLE "SYSTEM"."WEB_REVIEW" 
   (	"REVIEW_ID" VARCHAR2(20 BYTE), 
	"REVIEW_RATING" NUMBER, 
	"REVIEW_DESCRIPTION" VARCHAR2(100 BYTE), 
	"REVIEW_USER_ID" VARCHAR2(20 BYTE), 
	"REVIEW_VILLA_ID" VARCHAR2(20 BYTE)
   ) PCTFREE 10 PCTUSED 40 INITRANS 1 MAXTRANS 255 
 NOCOMPRESS LOGGING
  STORAGE(INITIAL 65536 NEXT 1048576 MINEXTENTS 1 MAXEXTENTS 2147483645
  PCTINCREASE 0 FREELISTS 1 FREELIST GROUPS 1
  BUFFER_POOL DEFAULT FLASH_CACHE DEFAULT CELL_FLASH_CACHE DEFAULT)
  TABLESPACE "SYSTEM" ;
--------------------------------------------------------
--  DDL for Table WEB_USER
--------------------------------------------------------

  CREATE TABLE "SYSTEM"."WEB_USER" 
   (	"USER_ID" VARCHAR2(20 BYTE), 
	"USER_FIRST_NAME" VARCHAR2(20 BYTE), 
	"USER_LAST_NAME" VARCHAR2(20 BYTE), 
	"USER_EMAIL" VARCHAR2(40 BYTE), 
	"USER_DOB" DATE
   ) PCTFREE 10 PCTUSED 40 INITRANS 1 MAXTRANS 255 
 NOCOMPRESS LOGGING
  STORAGE(INITIAL 65536 NEXT 1048576 MINEXTENTS 1 MAXEXTENTS 2147483645
  PCTINCREASE 0 FREELISTS 1 FREELIST GROUPS 1
  BUFFER_POOL DEFAULT FLASH_CACHE DEFAULT CELL_FLASH_CACHE DEFAULT)
  TABLESPACE "SYSTEM" ;
--------------------------------------------------------
--  DDL for Table WEB_USER_FAVORITE
--------------------------------------------------------

  CREATE TABLE "SYSTEM"."WEB_USER_FAVORITE" 
   (	"FAVORITE_USER_ID" VARCHAR2(20 BYTE), 
	"FAVORITE_VILLA_ID" VARCHAR2(20 BYTE)
   ) PCTFREE 10 PCTUSED 40 INITRANS 1 MAXTRANS 255 
 NOCOMPRESS LOGGING
  STORAGE(INITIAL 65536 NEXT 1048576 MINEXTENTS 1 MAXEXTENTS 2147483645
  PCTINCREASE 0 FREELISTS 1 FREELIST GROUPS 1
  BUFFER_POOL DEFAULT FLASH_CACHE DEFAULT CELL_FLASH_CACHE DEFAULT)
  TABLESPACE "SYSTEM" ;
--------------------------------------------------------
--  DDL for Table WEB_VILLA
--------------------------------------------------------

  CREATE TABLE "SYSTEM"."WEB_VILLA" 
   (	"VILLA_ID" VARCHAR2(20 BYTE), 
	"VILLA_NAME" VARCHAR2(20 BYTE), 
	"VILLA_PICTURE" VARCHAR2(20 BYTE), 
	"VILLA_CONST_DATE" DATE, 
	"VILLA_AGE" NUMBER, 
	"VILLA_OWNER_ID" VARCHAR2(20 BYTE)
   ) PCTFREE 10 PCTUSED 40 INITRANS 1 MAXTRANS 255 
 NOCOMPRESS LOGGING
  STORAGE(INITIAL 65536 NEXT 1048576 MINEXTENTS 1 MAXEXTENTS 2147483645
  PCTINCREASE 0 FREELISTS 1 FREELIST GROUPS 1
  BUFFER_POOL DEFAULT FLASH_CACHE DEFAULT CELL_FLASH_CACHE DEFAULT)
  TABLESPACE "SYSTEM" ;
--------------------------------------------------------
--  DDL for Table WEB_VILLA_FEATURE
--------------------------------------------------------

  CREATE TABLE "SYSTEM"."WEB_VILLA_FEATURE" 
   (	"VILLA_FEATURE_ID" VARCHAR2(20 BYTE), 
	"VILLA_FEATURE_VILLA_ID" VARCHAR2(20 BYTE)
   ) PCTFREE 10 PCTUSED 40 INITRANS 1 MAXTRANS 255 
 NOCOMPRESS LOGGING
  STORAGE(INITIAL 65536 NEXT 1048576 MINEXTENTS 1 MAXEXTENTS 2147483645
  PCTINCREASE 0 FREELISTS 1 FREELIST GROUPS 1
  BUFFER_POOL DEFAULT FLASH_CACHE DEFAULT CELL_FLASH_CACHE DEFAULT)
  TABLESPACE "SYSTEM" ;
REM INSERTING into SYSTEM.WEB_COUPON_ID
SET DEFINE OFF;
Insert into SYSTEM.WEB_COUPON_ID (COUPON_ID,COUPON_VILLA_ID,COUPON_START_DATE,COUPON_END_DATE,COUPON_DISCOUNT) values ('Coup1','Vil1',to_date('01-SEP-13','DD-MON-RR'),to_date('31-JAN-14','DD-MON-RR'),20);
Insert into SYSTEM.WEB_COUPON_ID (COUPON_ID,COUPON_VILLA_ID,COUPON_START_DATE,COUPON_END_DATE,COUPON_DISCOUNT) values ('Coup2','Vil2',to_date('01-SEP-13','DD-MON-RR'),to_date('31-DEC-13','DD-MON-RR'),15);
Insert into SYSTEM.WEB_COUPON_ID (COUPON_ID,COUPON_VILLA_ID,COUPON_START_DATE,COUPON_END_DATE,COUPON_DISCOUNT) values ('Coup3','Vil3',to_date('01-SEP-13','DD-MON-RR'),to_date('31-DEC-13','DD-MON-RR'),25);
Insert into SYSTEM.WEB_COUPON_ID (COUPON_ID,COUPON_VILLA_ID,COUPON_START_DATE,COUPON_END_DATE,COUPON_DISCOUNT) values ('Coup4','Vil4',to_date('01-SEP-13','DD-MON-RR'),to_date('31-DEC-13','DD-MON-RR'),10);
Insert into SYSTEM.WEB_COUPON_ID (COUPON_ID,COUPON_VILLA_ID,COUPON_START_DATE,COUPON_END_DATE,COUPON_DISCOUNT) values ('Coup5','Vil1',to_date('01-JAN-14','DD-MON-RR'),to_date('31-AUG-14','DD-MON-RR'),15);
REM INSERTING into SYSTEM.WEB_FEATURES
SET DEFINE OFF;
Insert into SYSTEM.WEB_FEATURES (FEATURE_ID,FEATURE_NAME) values ('Fea1','swimming pool');
Insert into SYSTEM.WEB_FEATURES (FEATURE_ID,FEATURE_NAME) values ('Fea2','Jacuzzi');
Insert into SYSTEM.WEB_FEATURES (FEATURE_ID,FEATURE_NAME) values ('Fea3','billiard table');
Insert into SYSTEM.WEB_FEATURES (FEATURE_ID,FEATURE_NAME) values ('Fea4','Xbox 360');
Insert into SYSTEM.WEB_FEATURES (FEATURE_ID,FEATURE_NAME) values ('Fea5','board games');
Insert into SYSTEM.WEB_FEATURES (FEATURE_ID,FEATURE_NAME) values ('Fea6','pets allowed');
REM INSERTING into SYSTEM.WEB_INSPECT
SET DEFINE OFF;
REM INSERTING into SYSTEM.WEB_LIKE
SET DEFINE OFF;
Insert into SYSTEM.WEB_LIKE (LIKE_REVIEW_ID,LIKE_USER_ID) values ('Rev1','U2');
Insert into SYSTEM.WEB_LIKE (LIKE_REVIEW_ID,LIKE_USER_ID) values ('Rev1','U3');
Insert into SYSTEM.WEB_LIKE (LIKE_REVIEW_ID,LIKE_USER_ID) values ('Rev1','U4');
Insert into SYSTEM.WEB_LIKE (LIKE_REVIEW_ID,LIKE_USER_ID) values ('Rev14','U2');
Insert into SYSTEM.WEB_LIKE (LIKE_REVIEW_ID,LIKE_USER_ID) values ('Rev14','U4');
Insert into SYSTEM.WEB_LIKE (LIKE_REVIEW_ID,LIKE_USER_ID) values ('Rev14','U6');
Insert into SYSTEM.WEB_LIKE (LIKE_REVIEW_ID,LIKE_USER_ID) values ('Rev15','U3');
Insert into SYSTEM.WEB_LIKE (LIKE_REVIEW_ID,LIKE_USER_ID) values ('Rev15','U6');
Insert into SYSTEM.WEB_LIKE (LIKE_REVIEW_ID,LIKE_USER_ID) values ('Rev15','U7');
Insert into SYSTEM.WEB_LIKE (LIKE_REVIEW_ID,LIKE_USER_ID) values ('Rev2','U4');
Insert into SYSTEM.WEB_LIKE (LIKE_REVIEW_ID,LIKE_USER_ID) values ('Rev2','U7');
Insert into SYSTEM.WEB_LIKE (LIKE_REVIEW_ID,LIKE_USER_ID) values ('Rev3','U8');
Insert into SYSTEM.WEB_LIKE (LIKE_REVIEW_ID,LIKE_USER_ID) values ('Rev4','U9');
Insert into SYSTEM.WEB_LIKE (LIKE_REVIEW_ID,LIKE_USER_ID) values ('Rev5','U2');
Insert into SYSTEM.WEB_LIKE (LIKE_REVIEW_ID,LIKE_USER_ID) values ('Rev5','U4');
REM INSERTING into SYSTEM.WEB_MANAGER
SET DEFINE OFF;
Insert into SYSTEM.WEB_MANAGER (MANAGER_USERID,MANAGER_MANAGED_BY) values ('U14',null);
Insert into SYSTEM.WEB_MANAGER (MANAGER_USERID,MANAGER_MANAGED_BY) values ('U15','U14');
REM INSERTING into SYSTEM.WEB_MODIFICATION
SET DEFINE OFF;
REM INSERTING into SYSTEM.WEB_OWNER
SET DEFINE OFF;
Insert into SYSTEM.WEB_OWNER (OWNER_ID,OWNER_PHONE,OWNER_MANAGER_USER_ID) values ('U11','111-111-1111','U15');
Insert into SYSTEM.WEB_OWNER (OWNER_ID,OWNER_PHONE,OWNER_MANAGER_USER_ID) values ('U12','222-222-2222','U15');
Insert into SYSTEM.WEB_OWNER (OWNER_ID,OWNER_PHONE,OWNER_MANAGER_USER_ID) values ('U13','333-333-3333','U15');
Insert into SYSTEM.WEB_OWNER (OWNER_ID,OWNER_PHONE,OWNER_MANAGER_USER_ID) values ('U14','444-444-4444',null);
REM INSERTING into SYSTEM.WEB_RENT
SET DEFINE OFF;
Insert into SYSTEM.WEB_RENT (RENT_ID,RENT_VILLA_ID,RENT_USER_ID,RENT_START_DATE,RENT_END_DATE,RENT_AMOUNT_USER_DEPOSIT,RENT_COUPON_ID) values ('Res1','Vil1','U1',to_date('02-JAN-13','DD-MON-RR'),to_date('04-JAN-13','DD-MON-RR'),50,null);
Insert into SYSTEM.WEB_RENT (RENT_ID,RENT_VILLA_ID,RENT_USER_ID,RENT_START_DATE,RENT_END_DATE,RENT_AMOUNT_USER_DEPOSIT,RENT_COUPON_ID) values ('Res2','Vil2','U7',to_date('05-JAN-13','DD-MON-RR'),to_date('06-JAN-13','DD-MON-RR'),30,null);
Insert into SYSTEM.WEB_RENT (RENT_ID,RENT_VILLA_ID,RENT_USER_ID,RENT_START_DATE,RENT_END_DATE,RENT_AMOUNT_USER_DEPOSIT,RENT_COUPON_ID) values ('Res3','Vil3','U2',to_date('03-FEB-13','DD-MON-RR'),to_date('07-FEB-13','DD-MON-RR'),60,null);
Insert into SYSTEM.WEB_RENT (RENT_ID,RENT_VILLA_ID,RENT_USER_ID,RENT_START_DATE,RENT_END_DATE,RENT_AMOUNT_USER_DEPOSIT,RENT_COUPON_ID) values ('Res4','Vil4','U4',to_date('04-FEB-13','DD-MON-RR'),to_date('05-FEB-13','DD-MON-RR'),39,null);
Insert into SYSTEM.WEB_RENT (RENT_ID,RENT_VILLA_ID,RENT_USER_ID,RENT_START_DATE,RENT_END_DATE,RENT_AMOUNT_USER_DEPOSIT,RENT_COUPON_ID) values ('Res5','Vil5','U4',to_date('06-MAR-13','DD-MON-RR'),to_date('12-MAR-13','DD-MON-RR'),40,null);
Insert into SYSTEM.WEB_RENT (RENT_ID,RENT_VILLA_ID,RENT_USER_ID,RENT_START_DATE,RENT_END_DATE,RENT_AMOUNT_USER_DEPOSIT,RENT_COUPON_ID) values ('Res6','Vil6','U4',to_date('23-APR-13','DD-MON-RR'),to_date('25-APR-13','DD-MON-RR'),42,null);
Insert into SYSTEM.WEB_RENT (RENT_ID,RENT_VILLA_ID,RENT_USER_ID,RENT_START_DATE,RENT_END_DATE,RENT_AMOUNT_USER_DEPOSIT,RENT_COUPON_ID) values ('Res7','Vil7','U6',to_date('29-MAY-13','DD-MON-RR'),to_date('01-JUN-13','DD-MON-RR'),60,null);
Insert into SYSTEM.WEB_RENT (RENT_ID,RENT_VILLA_ID,RENT_USER_ID,RENT_START_DATE,RENT_END_DATE,RENT_AMOUNT_USER_DEPOSIT,RENT_COUPON_ID) values ('Res8','Vil8','U10',to_date('30-JUL-13','DD-MON-RR'),to_date('02-AUG-13','DD-MON-RR'),100,null);
Insert into SYSTEM.WEB_RENT (RENT_ID,RENT_VILLA_ID,RENT_USER_ID,RENT_START_DATE,RENT_END_DATE,RENT_AMOUNT_USER_DEPOSIT,RENT_COUPON_ID) values ('Res9','Vil9','U3',to_date('11-AUG-13','DD-MON-RR'),to_date('12-AUG-13','DD-MON-RR'),24,null);
Insert into SYSTEM.WEB_RENT (RENT_ID,RENT_VILLA_ID,RENT_USER_ID,RENT_START_DATE,RENT_END_DATE,RENT_AMOUNT_USER_DEPOSIT,RENT_COUPON_ID) values ('Res10','Vil10','U2',to_date('19-AUG-13','DD-MON-RR'),to_date('21-AUG-13','DD-MON-RR'),75,null);
Insert into SYSTEM.WEB_RENT (RENT_ID,RENT_VILLA_ID,RENT_USER_ID,RENT_START_DATE,RENT_END_DATE,RENT_AMOUNT_USER_DEPOSIT,RENT_COUPON_ID) values ('Res11','Vil11','U5',to_date('15-AUG-13','DD-MON-RR'),to_date('17-AUG-13','DD-MON-RR'),51,null);
Insert into SYSTEM.WEB_RENT (RENT_ID,RENT_VILLA_ID,RENT_USER_ID,RENT_START_DATE,RENT_END_DATE,RENT_AMOUNT_USER_DEPOSIT,RENT_COUPON_ID) values ('Res12','Vil12','U6',to_date('27-AUG-13','DD-MON-RR'),to_date('28-AUG-13','DD-MON-RR'),33,null);
Insert into SYSTEM.WEB_RENT (RENT_ID,RENT_VILLA_ID,RENT_USER_ID,RENT_START_DATE,RENT_END_DATE,RENT_AMOUNT_USER_DEPOSIT,RENT_COUPON_ID) values ('Res13','Vil1','U2',to_date('01-SEP-13','DD-MON-RR'),to_date('03-SEP-13','DD-MON-RR'),40,null);
Insert into SYSTEM.WEB_RENT (RENT_ID,RENT_VILLA_ID,RENT_USER_ID,RENT_START_DATE,RENT_END_DATE,RENT_AMOUNT_USER_DEPOSIT,RENT_COUPON_ID) values ('Res14','Vil2','U5',to_date('02-SEP-13','DD-MON-RR'),to_date('03-SEP-13','DD-MON-RR'),25,null);
Insert into SYSTEM.WEB_RENT (RENT_ID,RENT_VILLA_ID,RENT_USER_ID,RENT_START_DATE,RENT_END_DATE,RENT_AMOUNT_USER_DEPOSIT,RENT_COUPON_ID) values ('Res15','Vil3','U9',to_date('15-SEP-13','DD-MON-RR'),to_date('20-SEP-13','DD-MON-RR'),36,'Coup3');
Insert into SYSTEM.WEB_RENT (RENT_ID,RENT_VILLA_ID,RENT_USER_ID,RENT_START_DATE,RENT_END_DATE,RENT_AMOUNT_USER_DEPOSIT,RENT_COUPON_ID) values ('Res16','Vil4','U5',to_date('01-OCT-13','DD-MON-RR'),to_date('03-OCT-13','DD-MON-RR'),27,'Coup4');
Insert into SYSTEM.WEB_RENT (RENT_ID,RENT_VILLA_ID,RENT_USER_ID,RENT_START_DATE,RENT_END_DATE,RENT_AMOUNT_USER_DEPOSIT,RENT_COUPON_ID) values ('Res17','Vil5','U4',to_date('15-OCT-13','DD-MON-RR'),to_date('16-OCT-13','DD-MON-RR'),24,null);
Insert into SYSTEM.WEB_RENT (RENT_ID,RENT_VILLA_ID,RENT_USER_ID,RENT_START_DATE,RENT_END_DATE,RENT_AMOUNT_USER_DEPOSIT,RENT_COUPON_ID) values ('Res18','Vil6','U5',to_date('02-NOV-13','DD-MON-RR'),to_date('04-NOV-13','DD-MON-RR'),30,null);
Insert into SYSTEM.WEB_RENT (RENT_ID,RENT_VILLA_ID,RENT_USER_ID,RENT_START_DATE,RENT_END_DATE,RENT_AMOUNT_USER_DEPOSIT,RENT_COUPON_ID) values ('Res19','Vil7','U10',to_date('06-NOV-13','DD-MON-RR'),to_date('07-NOV-13','DD-MON-RR'),50,null);
Insert into SYSTEM.WEB_RENT (RENT_ID,RENT_VILLA_ID,RENT_USER_ID,RENT_START_DATE,RENT_END_DATE,RENT_AMOUNT_USER_DEPOSIT,RENT_COUPON_ID) values ('Res20','Vil8','U9',to_date('06-NOV-13','DD-MON-RR'),to_date('10-NOV-13','DD-MON-RR'),60,null);
Insert into SYSTEM.WEB_RENT (RENT_ID,RENT_VILLA_ID,RENT_USER_ID,RENT_START_DATE,RENT_END_DATE,RENT_AMOUNT_USER_DEPOSIT,RENT_COUPON_ID) values ('Res21','Vil9','U4',to_date('10-NOV-13','DD-MON-RR'),to_date('13-NOV-13','DD-MON-RR'),15,null);
Insert into SYSTEM.WEB_RENT (RENT_ID,RENT_VILLA_ID,RENT_USER_ID,RENT_START_DATE,RENT_END_DATE,RENT_AMOUNT_USER_DEPOSIT,RENT_COUPON_ID) values ('Res22','Vil10','U4',to_date('11-NOV-13','DD-MON-RR'),to_date('13-NOV-13','DD-MON-RR'),60,null);
Insert into SYSTEM.WEB_RENT (RENT_ID,RENT_VILLA_ID,RENT_USER_ID,RENT_START_DATE,RENT_END_DATE,RENT_AMOUNT_USER_DEPOSIT,RENT_COUPON_ID) values ('Res23','Vil11','U6',to_date('01-DEC-13','DD-MON-RR'),to_date('04-DEC-13','DD-MON-RR'),40,null);
Insert into SYSTEM.WEB_RENT (RENT_ID,RENT_VILLA_ID,RENT_USER_ID,RENT_START_DATE,RENT_END_DATE,RENT_AMOUNT_USER_DEPOSIT,RENT_COUPON_ID) values ('Res24','Vil12','U5',to_date('23-DEC-13','DD-MON-RR'),to_date('26-DEC-13','DD-MON-RR'),30,null);
Insert into SYSTEM.WEB_RENT (RENT_ID,RENT_VILLA_ID,RENT_USER_ID,RENT_START_DATE,RENT_END_DATE,RENT_AMOUNT_USER_DEPOSIT,RENT_COUPON_ID) values ('Res25','Vil1','U7',to_date('12-JAN-14','DD-MON-RR'),to_date('15-JAN-14','DD-MON-RR'),48,'Coup1');
Insert into SYSTEM.WEB_RENT (RENT_ID,RENT_VILLA_ID,RENT_USER_ID,RENT_START_DATE,RENT_END_DATE,RENT_AMOUNT_USER_DEPOSIT,RENT_COUPON_ID) values ('Res26','Vil2','U9',to_date('06-JAN-14','DD-MON-RR'),to_date('07-JAN-14','DD-MON-RR'),34,'Coup2');
Insert into SYSTEM.WEB_RENT (RENT_ID,RENT_VILLA_ID,RENT_USER_ID,RENT_START_DATE,RENT_END_DATE,RENT_AMOUNT_USER_DEPOSIT,RENT_COUPON_ID) values ('Res27','Vil2','U6',to_date('05-FEB-14','DD-MON-RR'),to_date('09-FEB-14','DD-MON-RR'),40,null);
Insert into SYSTEM.WEB_RENT (RENT_ID,RENT_VILLA_ID,RENT_USER_ID,RENT_START_DATE,RENT_END_DATE,RENT_AMOUNT_USER_DEPOSIT,RENT_COUPON_ID) values ('Res28','Vil5','U5',to_date('09-FEB-14','DD-MON-RR'),to_date('15-FEB-14','DD-MON-RR'),50,null);
Insert into SYSTEM.WEB_RENT (RENT_ID,RENT_VILLA_ID,RENT_USER_ID,RENT_START_DATE,RENT_END_DATE,RENT_AMOUNT_USER_DEPOSIT,RENT_COUPON_ID) values ('Res29','Vil8','U4',to_date('18-MAR-14','DD-MON-RR'),to_date('19-MAR-14','DD-MON-RR'),120,null);
Insert into SYSTEM.WEB_RENT (RENT_ID,RENT_VILLA_ID,RENT_USER_ID,RENT_START_DATE,RENT_END_DATE,RENT_AMOUNT_USER_DEPOSIT,RENT_COUPON_ID) values ('Res30','Vil4','U2',to_date('27-APR-14','DD-MON-RR'),to_date('30-APR-14','DD-MON-RR'),50,null);
Insert into SYSTEM.WEB_RENT (RENT_ID,RENT_VILLA_ID,RENT_USER_ID,RENT_START_DATE,RENT_END_DATE,RENT_AMOUNT_USER_DEPOSIT,RENT_COUPON_ID) values ('Res31','Vil10','U4',to_date('29-MAY-14','DD-MON-RR'),to_date('01-JUN-14','DD-MON-RR'),96,null);
Insert into SYSTEM.WEB_RENT (RENT_ID,RENT_VILLA_ID,RENT_USER_ID,RENT_START_DATE,RENT_END_DATE,RENT_AMOUNT_USER_DEPOSIT,RENT_COUPON_ID) values ('Res32','Vil12','U9',to_date('28-JUL-14','DD-MON-RR'),to_date('02-AUG-14','DD-MON-RR'),42,null);
Insert into SYSTEM.WEB_RENT (RENT_ID,RENT_VILLA_ID,RENT_USER_ID,RENT_START_DATE,RENT_END_DATE,RENT_AMOUNT_USER_DEPOSIT,RENT_COUPON_ID) values ('Res33','Vil7','U9',to_date('11-AUG-14','DD-MON-RR'),to_date('12-AUG-14','DD-MON-RR'),75,null);
Insert into SYSTEM.WEB_RENT (RENT_ID,RENT_VILLA_ID,RENT_USER_ID,RENT_START_DATE,RENT_END_DATE,RENT_AMOUNT_USER_DEPOSIT,RENT_COUPON_ID) values ('Res34','Vil4','U7',to_date('15-AUG-14','DD-MON-RR'),to_date('21-AUG-14','DD-MON-RR'),50,null);
Insert into SYSTEM.WEB_RENT (RENT_ID,RENT_VILLA_ID,RENT_USER_ID,RENT_START_DATE,RENT_END_DATE,RENT_AMOUNT_USER_DEPOSIT,RENT_COUPON_ID) values ('Res35','Vil8','U8',to_date('13-AUG-14','DD-MON-RR'),to_date('17-AUG-14','DD-MON-RR'),120,null);
Insert into SYSTEM.WEB_RENT (RENT_ID,RENT_VILLA_ID,RENT_USER_ID,RENT_START_DATE,RENT_END_DATE,RENT_AMOUNT_USER_DEPOSIT,RENT_COUPON_ID) values ('Res36','Vil2','U3',to_date('27-AUG-14','DD-MON-RR'),to_date('28-AUG-14','DD-MON-RR'),40,null);
Insert into SYSTEM.WEB_RENT (RENT_ID,RENT_VILLA_ID,RENT_USER_ID,RENT_START_DATE,RENT_END_DATE,RENT_AMOUNT_USER_DEPOSIT,RENT_COUPON_ID) values ('Res37','Vil11','U2',to_date('20-JUN-14','DD-MON-RR'),to_date('23-JUN-14','DD-MON-RR'),70,null);
Insert into SYSTEM.WEB_RENT (RENT_ID,RENT_VILLA_ID,RENT_USER_ID,RENT_START_DATE,RENT_END_DATE,RENT_AMOUNT_USER_DEPOSIT,RENT_COUPON_ID) values ('Res38','Vil2','U1',to_date('28-AUG-14','DD-MON-RR'),to_date('30-AUG-14','DD-MON-RR'),40,null);
Insert into SYSTEM.WEB_RENT (RENT_ID,RENT_VILLA_ID,RENT_USER_ID,RENT_START_DATE,RENT_END_DATE,RENT_AMOUNT_USER_DEPOSIT,RENT_COUPON_ID) values ('Res39','Vil1','U9',to_date('10-APR-14','DD-MON-RR'),to_date('15-APR-14','DD-MON-RR'),60,null);
Insert into SYSTEM.WEB_RENT (RENT_ID,RENT_VILLA_ID,RENT_USER_ID,RENT_START_DATE,RENT_END_DATE,RENT_AMOUNT_USER_DEPOSIT,RENT_COUPON_ID) values ('Res40','Vil7','U9',to_date('05-FEB-14','DD-MON-RR'),to_date('09-FEB-14','DD-MON-RR'),75,null);
Insert into SYSTEM.WEB_RENT (RENT_ID,RENT_VILLA_ID,RENT_USER_ID,RENT_START_DATE,RENT_END_DATE,RENT_AMOUNT_USER_DEPOSIT,RENT_COUPON_ID) values ('Res41','Vil7','U8',to_date('09-FEB-14','DD-MON-RR'),to_date('15-FEB-14','DD-MON-RR'),75,null);
Insert into SYSTEM.WEB_RENT (RENT_ID,RENT_VILLA_ID,RENT_USER_ID,RENT_START_DATE,RENT_END_DATE,RENT_AMOUNT_USER_DEPOSIT,RENT_COUPON_ID) values ('Res42','Vil7','U5',to_date('18-MAR-14','DD-MON-RR'),to_date('19-MAR-14','DD-MON-RR'),75,null);
Insert into SYSTEM.WEB_RENT (RENT_ID,RENT_VILLA_ID,RENT_USER_ID,RENT_START_DATE,RENT_END_DATE,RENT_AMOUNT_USER_DEPOSIT,RENT_COUPON_ID) values ('Res43','Vil1','U6',to_date('12-MAY-14','DD-MON-RR'),to_date('13-MAY-14','DD-MON-RR'),51,'Coup5');
REM INSERTING into SYSTEM.WEB_REVIEW
SET DEFINE OFF;
Insert into SYSTEM.WEB_REVIEW (REVIEW_ID,REVIEW_RATING,REVIEW_DESCRIPTION,REVIEW_USER_ID,REVIEW_VILLA_ID) values ('Rev1',2,'Poor maintainance considering the price.','U1','Vil1');
Insert into SYSTEM.WEB_REVIEW (REVIEW_ID,REVIEW_RATING,REVIEW_DESCRIPTION,REVIEW_USER_ID,REVIEW_VILLA_ID) values ('Rev2',1,'Boring and Dull','U2','Vil3');
Insert into SYSTEM.WEB_REVIEW (REVIEW_ID,REVIEW_RATING,REVIEW_DESCRIPTION,REVIEW_USER_ID,REVIEW_VILLA_ID) values ('Rev3',4,'Love it!','U4','Vil6');
Insert into SYSTEM.WEB_REVIEW (REVIEW_ID,REVIEW_RATING,REVIEW_DESCRIPTION,REVIEW_USER_ID,REVIEW_VILLA_ID) values ('Rev4',2,'Best vila error','U2','Vil1');
Insert into SYSTEM.WEB_REVIEW (REVIEW_ID,REVIEW_RATING,REVIEW_DESCRIPTION,REVIEW_USER_ID,REVIEW_VILLA_ID) values ('Rev5',3,'Though not clean, has fantastic scenery around it','U7','Vil1');
Insert into SYSTEM.WEB_REVIEW (REVIEW_ID,REVIEW_RATING,REVIEW_DESCRIPTION,REVIEW_USER_ID,REVIEW_VILLA_ID) values ('Rev6',1,'not recommended','U5','Vil2');
Insert into SYSTEM.WEB_REVIEW (REVIEW_ID,REVIEW_RATING,REVIEW_DESCRIPTION,REVIEW_USER_ID,REVIEW_VILLA_ID) values ('Rev7',4,'Good one','U6','Vil1');
Insert into SYSTEM.WEB_REVIEW (REVIEW_ID,REVIEW_RATING,REVIEW_DESCRIPTION,REVIEW_USER_ID,REVIEW_VILLA_ID) values ('Rev8',5,'I gonna rent again and again','U4','Vil4');
Insert into SYSTEM.WEB_REVIEW (REVIEW_ID,REVIEW_RATING,REVIEW_DESCRIPTION,REVIEW_USER_ID,REVIEW_VILLA_ID) values ('Rev9',5,'Good work','U9','Vil3');
Insert into SYSTEM.WEB_REVIEW (REVIEW_ID,REVIEW_RATING,REVIEW_DESCRIPTION,REVIEW_USER_ID,REVIEW_VILLA_ID) values ('Rev10',5,'A must visit villa','U3','Vil9');
Insert into SYSTEM.WEB_REVIEW (REVIEW_ID,REVIEW_RATING,REVIEW_DESCRIPTION,REVIEW_USER_ID,REVIEW_VILLA_ID) values ('Rev11',1,'Nice','U10','Vil8');
Insert into SYSTEM.WEB_REVIEW (REVIEW_ID,REVIEW_RATING,REVIEW_DESCRIPTION,REVIEW_USER_ID,REVIEW_VILLA_ID) values ('Rev13',1,'poor one','U6','Vil7');
Insert into SYSTEM.WEB_REVIEW (REVIEW_ID,REVIEW_RATING,REVIEW_DESCRIPTION,REVIEW_USER_ID,REVIEW_VILLA_ID) values ('Rev14',4,'popular one','U1','Vil7');
Insert into SYSTEM.WEB_REVIEW (REVIEW_ID,REVIEW_RATING,REVIEW_DESCRIPTION,REVIEW_USER_ID,REVIEW_VILLA_ID) values ('Rev15',5,'wanna go back!','U7','Vil3');
REM INSERTING into SYSTEM.WEB_USER
SET DEFINE OFF;
Insert into SYSTEM.WEB_USER (USER_ID,USER_FIRST_NAME,USER_LAST_NAME,USER_EMAIL,USER_DOB) values ('U1','Jackie','Jones','jack_killer@gmail.com',to_date('28-FEB-83','DD-MON-RR'));
Insert into SYSTEM.WEB_USER (USER_ID,USER_FIRST_NAME,USER_LAST_NAME,USER_EMAIL,USER_DOB) values ('U2','Jessie','Jackson','Hello_macy@yahoo.com',to_date('04-MAR-86','DD-MON-RR'));
Insert into SYSTEM.WEB_USER (USER_ID,USER_FIRST_NAME,USER_LAST_NAME,USER_EMAIL,USER_DOB) values ('U3','Tommy','Trojan','john_black@hotmail.com',to_date('22-APR-90','DD-MON-RR'));
Insert into SYSTEM.WEB_USER (USER_ID,USER_FIRST_NAME,USER_LAST_NAME,USER_EMAIL,USER_DOB) values ('U4','Niki','Nanjan','ny_robert@usc.edu',to_date('10-JUN-80','DD-MON-RR'));
Insert into SYSTEM.WEB_USER (USER_ID,USER_FIRST_NAME,USER_LAST_NAME,USER_EMAIL,USER_DOB) values ('U5','Jalli','Shadan','cool_andrew@bbc.co.uk',to_date('27-NOV-84','DD-MON-RR'));
Insert into SYSTEM.WEB_USER (USER_ID,USER_FIRST_NAME,USER_LAST_NAME,USER_EMAIL,USER_DOB) values ('U6','Houtan','Khandan','coryphillip@voa.gov',to_date('06-JUN-66','DD-MON-RR'));
Insert into SYSTEM.WEB_USER (USER_ID,USER_FIRST_NAME,USER_LAST_NAME,USER_EMAIL,USER_DOB) values ('U7','Naz','Nazi','DaneilJ@msnbc.com',to_date('20-APR-00','DD-MON-RR'));
Insert into SYSTEM.WEB_USER (USER_ID,USER_FIRST_NAME,USER_LAST_NAME,USER_EMAIL,USER_DOB) values ('U8','Ab','Bazi','rohanau@cs.mit.edu',to_date('12-DEC-56','DD-MON-RR'));
Insert into SYSTEM.WEB_USER (USER_ID,USER_FIRST_NAME,USER_LAST_NAME,USER_EMAIL,USER_DOB) values ('U9','Ben','Ghazi','edmorales@houti.com',to_date('10-NOV-73','DD-MON-RR'));
Insert into SYSTEM.WEB_USER (USER_ID,USER_FIRST_NAME,USER_LAST_NAME,USER_EMAIL,USER_DOB) values ('U10','Carlos','Santana','danamoon@louti.com',to_date('07-JUL-77','DD-MON-RR'));
Insert into SYSTEM.WEB_USER (USER_ID,USER_FIRST_NAME,USER_LAST_NAME,USER_EMAIL,USER_DOB) values ('U11','Roberto','Carlos','owner1@villa.com',to_date('05-MAY-55','DD-MON-RR'));
Insert into SYSTEM.WEB_USER (USER_ID,USER_FIRST_NAME,USER_LAST_NAME,USER_EMAIL,USER_DOB) values ('U12','De','Vilardo','owner2@villa.com',to_date('04-APR-44','DD-MON-RR'));
Insert into SYSTEM.WEB_USER (USER_ID,USER_FIRST_NAME,USER_LAST_NAME,USER_EMAIL,USER_DOB) values ('U13','villa','Blanka','owner3@villa.com',to_date('11-NOV-74','DD-MON-RR'));
Insert into SYSTEM.WEB_USER (USER_ID,USER_FIRST_NAME,USER_LAST_NAME,USER_EMAIL,USER_DOB) values ('U14','nino','bino','ceo@villa.com',to_date('01-JAN-91','DD-MON-RR'));
Insert into SYSTEM.WEB_USER (USER_ID,USER_FIRST_NAME,USER_LAST_NAME,USER_EMAIL,USER_DOB) values ('U15','Bookish','Morinio','manager2@villa.com',to_date('17-APR-50','DD-MON-RR'));
REM INSERTING into SYSTEM.WEB_USER_FAVORITE
SET DEFINE OFF;
REM INSERTING into SYSTEM.WEB_VILLA
SET DEFINE OFF;
Insert into SYSTEM.WEB_VILLA (VILLA_ID,VILLA_NAME,VILLA_PICTURE,VILLA_CONST_DATE,VILLA_AGE,VILLA_OWNER_ID) values ('Vil1','Fifi',null,null,null,'U11');
Insert into SYSTEM.WEB_VILLA (VILLA_ID,VILLA_NAME,VILLA_PICTURE,VILLA_CONST_DATE,VILLA_AGE,VILLA_OWNER_ID) values ('Vil2','Lulu',null,null,null,'U12');
Insert into SYSTEM.WEB_VILLA (VILLA_ID,VILLA_NAME,VILLA_PICTURE,VILLA_CONST_DATE,VILLA_AGE,VILLA_OWNER_ID) values ('Vil3','Penny',null,null,null,'U13');
Insert into SYSTEM.WEB_VILLA (VILLA_ID,VILLA_NAME,VILLA_PICTURE,VILLA_CONST_DATE,VILLA_AGE,VILLA_OWNER_ID) values ('Vil4','Kiki',null,null,null,'U11');
Insert into SYSTEM.WEB_VILLA (VILLA_ID,VILLA_NAME,VILLA_PICTURE,VILLA_CONST_DATE,VILLA_AGE,VILLA_OWNER_ID) values ('Vil5','Vivi',null,null,null,'U11');
Insert into SYSTEM.WEB_VILLA (VILLA_ID,VILLA_NAME,VILLA_PICTURE,VILLA_CONST_DATE,VILLA_AGE,VILLA_OWNER_ID) values ('Vil6','Gigi',null,null,null,'U11');
Insert into SYSTEM.WEB_VILLA (VILLA_ID,VILLA_NAME,VILLA_PICTURE,VILLA_CONST_DATE,VILLA_AGE,VILLA_OWNER_ID) values ('Vil7','Kitty',null,null,null,'U12');
Insert into SYSTEM.WEB_VILLA (VILLA_ID,VILLA_NAME,VILLA_PICTURE,VILLA_CONST_DATE,VILLA_AGE,VILLA_OWNER_ID) values ('Vil8','Ellie',null,null,null,'U13');
Insert into SYSTEM.WEB_VILLA (VILLA_ID,VILLA_NAME,VILLA_PICTURE,VILLA_CONST_DATE,VILLA_AGE,VILLA_OWNER_ID) values ('Vil9','Ali',null,null,null,'U14');
Insert into SYSTEM.WEB_VILLA (VILLA_ID,VILLA_NAME,VILLA_PICTURE,VILLA_CONST_DATE,VILLA_AGE,VILLA_OWNER_ID) values ('Vil10','Kelley',null,null,null,'U12');
Insert into SYSTEM.WEB_VILLA (VILLA_ID,VILLA_NAME,VILLA_PICTURE,VILLA_CONST_DATE,VILLA_AGE,VILLA_OWNER_ID) values ('Vil11','Dori',null,null,null,'U12');
Insert into SYSTEM.WEB_VILLA (VILLA_ID,VILLA_NAME,VILLA_PICTURE,VILLA_CONST_DATE,VILLA_AGE,VILLA_OWNER_ID) values ('Vil12','Houti',null,null,null,'U13');
REM INSERTING into SYSTEM.WEB_VILLA_FEATURE
SET DEFINE OFF;
Insert into SYSTEM.WEB_VILLA_FEATURE (VILLA_FEATURE_ID,VILLA_FEATURE_VILLA_ID) values ('Fea1','Vil1');
Insert into SYSTEM.WEB_VILLA_FEATURE (VILLA_FEATURE_ID,VILLA_FEATURE_VILLA_ID) values ('Fea1','Vil2');
Insert into SYSTEM.WEB_VILLA_FEATURE (VILLA_FEATURE_ID,VILLA_FEATURE_VILLA_ID) values ('Fea1','Vil3');
Insert into SYSTEM.WEB_VILLA_FEATURE (VILLA_FEATURE_ID,VILLA_FEATURE_VILLA_ID) values ('Fea2','Vil1');
Insert into SYSTEM.WEB_VILLA_FEATURE (VILLA_FEATURE_ID,VILLA_FEATURE_VILLA_ID) values ('Fea2','Vil11');
Insert into SYSTEM.WEB_VILLA_FEATURE (VILLA_FEATURE_ID,VILLA_FEATURE_VILLA_ID) values ('Fea2','Vil12');
Insert into SYSTEM.WEB_VILLA_FEATURE (VILLA_FEATURE_ID,VILLA_FEATURE_VILLA_ID) values ('Fea2','Vil4');
Insert into SYSTEM.WEB_VILLA_FEATURE (VILLA_FEATURE_ID,VILLA_FEATURE_VILLA_ID) values ('Fea3','Vil7');
Insert into SYSTEM.WEB_VILLA_FEATURE (VILLA_FEATURE_ID,VILLA_FEATURE_VILLA_ID) values ('Fea4','Vil3');
Insert into SYSTEM.WEB_VILLA_FEATURE (VILLA_FEATURE_ID,VILLA_FEATURE_VILLA_ID) values ('Fea4','Vil5');
Insert into SYSTEM.WEB_VILLA_FEATURE (VILLA_FEATURE_ID,VILLA_FEATURE_VILLA_ID) values ('Fea4','Vil7');
Insert into SYSTEM.WEB_VILLA_FEATURE (VILLA_FEATURE_ID,VILLA_FEATURE_VILLA_ID) values ('Fea5','Vil10');
Insert into SYSTEM.WEB_VILLA_FEATURE (VILLA_FEATURE_ID,VILLA_FEATURE_VILLA_ID) values ('Fea5','Vil3');
Insert into SYSTEM.WEB_VILLA_FEATURE (VILLA_FEATURE_ID,VILLA_FEATURE_VILLA_ID) values ('Fea5','Vil7');
Insert into SYSTEM.WEB_VILLA_FEATURE (VILLA_FEATURE_ID,VILLA_FEATURE_VILLA_ID) values ('Fea5','Vil9');
Insert into SYSTEM.WEB_VILLA_FEATURE (VILLA_FEATURE_ID,VILLA_FEATURE_VILLA_ID) values ('Fea6','Vil6');
Insert into SYSTEM.WEB_VILLA_FEATURE (VILLA_FEATURE_ID,VILLA_FEATURE_VILLA_ID) values ('Fea6','Vil7');
Insert into SYSTEM.WEB_VILLA_FEATURE (VILLA_FEATURE_ID,VILLA_FEATURE_VILLA_ID) values ('Fea6','Vil8');
--------------------------------------------------------
--  DDL for Index WEB_COUPON_ID_PK
--------------------------------------------------------

  CREATE UNIQUE INDEX "SYSTEM"."WEB_COUPON_ID_PK" ON "SYSTEM"."WEB_COUPON_ID" ("COUPON_ID") 
  PCTFREE 10 INITRANS 2 MAXTRANS 255 COMPUTE STATISTICS 
  STORAGE(INITIAL 65536 NEXT 1048576 MINEXTENTS 1 MAXEXTENTS 2147483645
  PCTINCREASE 0 FREELISTS 1 FREELIST GROUPS 1
  BUFFER_POOL DEFAULT FLASH_CACHE DEFAULT CELL_FLASH_CACHE DEFAULT)
  TABLESPACE "SYSTEM" ;
--------------------------------------------------------
--  DDL for Index WEB_VILLA_FEATURES_PK
--------------------------------------------------------

  CREATE UNIQUE INDEX "SYSTEM"."WEB_VILLA_FEATURES_PK" ON "SYSTEM"."WEB_FEATURES" ("FEATURE_ID") 
  PCTFREE 10 INITRANS 2 MAXTRANS 255 COMPUTE STATISTICS 
  STORAGE(INITIAL 65536 NEXT 1048576 MINEXTENTS 1 MAXEXTENTS 2147483645
  PCTINCREASE 0 FREELISTS 1 FREELIST GROUPS 1
  BUFFER_POOL DEFAULT FLASH_CACHE DEFAULT CELL_FLASH_CACHE DEFAULT)
  TABLESPACE "SYSTEM" ;
--------------------------------------------------------
--  DDL for Index WEB_INSPECT_PK
--------------------------------------------------------

  CREATE UNIQUE INDEX "SYSTEM"."WEB_INSPECT_PK" ON "SYSTEM"."WEB_INSPECT" ("INSPECT_MANAGER_USER_ID", "INSPECT_VILLA_ID", "INSPECT_DATE") 
  PCTFREE 10 INITRANS 2 MAXTRANS 255 COMPUTE STATISTICS 
  STORAGE(INITIAL 65536 NEXT 1048576 MINEXTENTS 1 MAXEXTENTS 2147483645
  PCTINCREASE 0 FREELISTS 1 FREELIST GROUPS 1
  BUFFER_POOL DEFAULT FLASH_CACHE DEFAULT CELL_FLASH_CACHE DEFAULT)
  TABLESPACE "SYSTEM" ;
--------------------------------------------------------
--  DDL for Index WEB_LIKE_PK
--------------------------------------------------------

  CREATE UNIQUE INDEX "SYSTEM"."WEB_LIKE_PK" ON "SYSTEM"."WEB_LIKE" ("LIKE_REVIEW_ID", "LIKE_USER_ID") 
  PCTFREE 10 INITRANS 2 MAXTRANS 255 COMPUTE STATISTICS 
  STORAGE(INITIAL 65536 NEXT 1048576 MINEXTENTS 1 MAXEXTENTS 2147483645
  PCTINCREASE 0 FREELISTS 1 FREELIST GROUPS 1
  BUFFER_POOL DEFAULT FLASH_CACHE DEFAULT CELL_FLASH_CACHE DEFAULT)
  TABLESPACE "SYSTEM" ;
--------------------------------------------------------
--  DDL for Index WEB_MANAGER_PK
--------------------------------------------------------

  CREATE UNIQUE INDEX "SYSTEM"."WEB_MANAGER_PK" ON "SYSTEM"."WEB_MANAGER" ("MANAGER_USERID") 
  PCTFREE 10 INITRANS 2 MAXTRANS 255 COMPUTE STATISTICS 
  STORAGE(INITIAL 65536 NEXT 1048576 MINEXTENTS 1 MAXEXTENTS 2147483645
  PCTINCREASE 0 FREELISTS 1 FREELIST GROUPS 1
  BUFFER_POOL DEFAULT FLASH_CACHE DEFAULT CELL_FLASH_CACHE DEFAULT)
  TABLESPACE "SYSTEM" ;
--------------------------------------------------------
--  DDL for Index WEB_MODIFICATION_PK
--------------------------------------------------------

  CREATE UNIQUE INDEX "SYSTEM"."WEB_MODIFICATION_PK" ON "SYSTEM"."WEB_MODIFICATION" ("MODIFICATION_ID") 
  PCTFREE 10 INITRANS 2 MAXTRANS 255 COMPUTE STATISTICS 
  STORAGE(INITIAL 65536 NEXT 1048576 MINEXTENTS 1 MAXEXTENTS 2147483645
  PCTINCREASE 0 FREELISTS 1 FREELIST GROUPS 1
  BUFFER_POOL DEFAULT FLASH_CACHE DEFAULT CELL_FLASH_CACHE DEFAULT)
  TABLESPACE "SYSTEM" ;
--------------------------------------------------------
--  DDL for Index WEB_OWNER_PK
--------------------------------------------------------

  CREATE UNIQUE INDEX "SYSTEM"."WEB_OWNER_PK" ON "SYSTEM"."WEB_OWNER" ("OWNER_ID") 
  PCTFREE 10 INITRANS 2 MAXTRANS 255 COMPUTE STATISTICS 
  STORAGE(INITIAL 65536 NEXT 1048576 MINEXTENTS 1 MAXEXTENTS 2147483645
  PCTINCREASE 0 FREELISTS 1 FREELIST GROUPS 1
  BUFFER_POOL DEFAULT FLASH_CACHE DEFAULT CELL_FLASH_CACHE DEFAULT)
  TABLESPACE "SYSTEM" ;
--------------------------------------------------------
--  DDL for Index WEB_RENT_PK
--------------------------------------------------------

  CREATE UNIQUE INDEX "SYSTEM"."WEB_RENT_PK" ON "SYSTEM"."WEB_RENT" ("RENT_ID") 
  PCTFREE 10 INITRANS 2 MAXTRANS 255 COMPUTE STATISTICS 
  STORAGE(INITIAL 65536 NEXT 1048576 MINEXTENTS 1 MAXEXTENTS 2147483645
  PCTINCREASE 0 FREELISTS 1 FREELIST GROUPS 1
  BUFFER_POOL DEFAULT FLASH_CACHE DEFAULT CELL_FLASH_CACHE DEFAULT)
  TABLESPACE "SYSTEM" ;
--------------------------------------------------------
--  DDL for Index WEB_REVIEW_PK
--------------------------------------------------------

  CREATE UNIQUE INDEX "SYSTEM"."WEB_REVIEW_PK" ON "SYSTEM"."WEB_REVIEW" ("REVIEW_ID") 
  PCTFREE 10 INITRANS 2 MAXTRANS 255 COMPUTE STATISTICS 
  STORAGE(INITIAL 65536 NEXT 1048576 MINEXTENTS 1 MAXEXTENTS 2147483645
  PCTINCREASE 0 FREELISTS 1 FREELIST GROUPS 1
  BUFFER_POOL DEFAULT FLASH_CACHE DEFAULT CELL_FLASH_CACHE DEFAULT)
  TABLESPACE "SYSTEM" ;
--------------------------------------------------------
--  DDL for Index WEB_USER_PK
--------------------------------------------------------

  CREATE UNIQUE INDEX "SYSTEM"."WEB_USER_PK" ON "SYSTEM"."WEB_USER" ("USER_ID") 
  PCTFREE 10 INITRANS 2 MAXTRANS 255 COMPUTE STATISTICS 
  STORAGE(INITIAL 65536 NEXT 1048576 MINEXTENTS 1 MAXEXTENTS 2147483645
  PCTINCREASE 0 FREELISTS 1 FREELIST GROUPS 1
  BUFFER_POOL DEFAULT FLASH_CACHE DEFAULT CELL_FLASH_CACHE DEFAULT)
  TABLESPACE "SYSTEM" ;
--------------------------------------------------------
--  DDL for Index WEB_USER_FAVORITE_PK
--------------------------------------------------------

  CREATE UNIQUE INDEX "SYSTEM"."WEB_USER_FAVORITE_PK" ON "SYSTEM"."WEB_USER_FAVORITE" ("FAVORITE_USER_ID", "FAVORITE_VILLA_ID") 
  PCTFREE 10 INITRANS 2 MAXTRANS 255 COMPUTE STATISTICS 
  STORAGE(INITIAL 65536 NEXT 1048576 MINEXTENTS 1 MAXEXTENTS 2147483645
  PCTINCREASE 0 FREELISTS 1 FREELIST GROUPS 1
  BUFFER_POOL DEFAULT FLASH_CACHE DEFAULT CELL_FLASH_CACHE DEFAULT)
  TABLESPACE "SYSTEM" ;
--------------------------------------------------------
--  DDL for Index WEB_VILLA_PK
--------------------------------------------------------

  CREATE UNIQUE INDEX "SYSTEM"."WEB_VILLA_PK" ON "SYSTEM"."WEB_VILLA" ("VILLA_ID") 
  PCTFREE 10 INITRANS 2 MAXTRANS 255 COMPUTE STATISTICS 
  STORAGE(INITIAL 65536 NEXT 1048576 MINEXTENTS 1 MAXEXTENTS 2147483645
  PCTINCREASE 0 FREELISTS 1 FREELIST GROUPS 1
  BUFFER_POOL DEFAULT FLASH_CACHE DEFAULT CELL_FLASH_CACHE DEFAULT)
  TABLESPACE "SYSTEM" ;
--------------------------------------------------------
--  DDL for Index WEB_VILLA_FEATURE_PK
--------------------------------------------------------

  CREATE UNIQUE INDEX "SYSTEM"."WEB_VILLA_FEATURE_PK" ON "SYSTEM"."WEB_VILLA_FEATURE" ("VILLA_FEATURE_ID", "VILLA_FEATURE_VILLA_ID") 
  PCTFREE 10 INITRANS 2 MAXTRANS 255 COMPUTE STATISTICS 
  STORAGE(INITIAL 65536 NEXT 1048576 MINEXTENTS 1 MAXEXTENTS 2147483645
  PCTINCREASE 0 FREELISTS 1 FREELIST GROUPS 1
  BUFFER_POOL DEFAULT FLASH_CACHE DEFAULT CELL_FLASH_CACHE DEFAULT)
  TABLESPACE "SYSTEM" ;
--------------------------------------------------------
--  Constraints for Table WEB_COUPON_ID
--------------------------------------------------------

  ALTER TABLE "SYSTEM"."WEB_COUPON_ID" ADD CONSTRAINT "WEB_COUPON_ID_PK" PRIMARY KEY ("COUPON_ID")
  USING INDEX PCTFREE 10 INITRANS 2 MAXTRANS 255 COMPUTE STATISTICS 
  STORAGE(INITIAL 65536 NEXT 1048576 MINEXTENTS 1 MAXEXTENTS 2147483645
  PCTINCREASE 0 FREELISTS 1 FREELIST GROUPS 1
  BUFFER_POOL DEFAULT FLASH_CACHE DEFAULT CELL_FLASH_CACHE DEFAULT)
  TABLESPACE "SYSTEM"  ENABLE;
  ALTER TABLE "SYSTEM"."WEB_COUPON_ID" MODIFY ("COUPON_ID" NOT NULL ENABLE);
--------------------------------------------------------
--  Constraints for Table WEB_FEATURES
--------------------------------------------------------

  ALTER TABLE "SYSTEM"."WEB_FEATURES" ADD CONSTRAINT "WEB_VILLA_FEATURES_PK" PRIMARY KEY ("FEATURE_ID")
  USING INDEX PCTFREE 10 INITRANS 2 MAXTRANS 255 COMPUTE STATISTICS 
  STORAGE(INITIAL 65536 NEXT 1048576 MINEXTENTS 1 MAXEXTENTS 2147483645
  PCTINCREASE 0 FREELISTS 1 FREELIST GROUPS 1
  BUFFER_POOL DEFAULT FLASH_CACHE DEFAULT CELL_FLASH_CACHE DEFAULT)
  TABLESPACE "SYSTEM"  ENABLE;
  ALTER TABLE "SYSTEM"."WEB_FEATURES" MODIFY ("FEATURE_NAME" NOT NULL ENABLE);
  ALTER TABLE "SYSTEM"."WEB_FEATURES" MODIFY ("FEATURE_ID" NOT NULL ENABLE);
--------------------------------------------------------
--  Constraints for Table WEB_INSPECT
--------------------------------------------------------

  ALTER TABLE "SYSTEM"."WEB_INSPECT" ADD CONSTRAINT "WEB_INSPECT_PK" PRIMARY KEY ("INSPECT_MANAGER_USER_ID", "INSPECT_VILLA_ID", "INSPECT_DATE")
  USING INDEX PCTFREE 10 INITRANS 2 MAXTRANS 255 COMPUTE STATISTICS 
  STORAGE(INITIAL 65536 NEXT 1048576 MINEXTENTS 1 MAXEXTENTS 2147483645
  PCTINCREASE 0 FREELISTS 1 FREELIST GROUPS 1
  BUFFER_POOL DEFAULT FLASH_CACHE DEFAULT CELL_FLASH_CACHE DEFAULT)
  TABLESPACE "SYSTEM"  ENABLE;
  ALTER TABLE "SYSTEM"."WEB_INSPECT" MODIFY ("INSPECT_DATE" NOT NULL ENABLE);
  ALTER TABLE "SYSTEM"."WEB_INSPECT" MODIFY ("INSPECT_VILLA_ID" NOT NULL ENABLE);
  ALTER TABLE "SYSTEM"."WEB_INSPECT" MODIFY ("INSPECT_MANAGER_USER_ID" NOT NULL ENABLE);
--------------------------------------------------------
--  Constraints for Table WEB_LIKE
--------------------------------------------------------

  ALTER TABLE "SYSTEM"."WEB_LIKE" ADD CONSTRAINT "WEB_LIKE_PK" PRIMARY KEY ("LIKE_REVIEW_ID", "LIKE_USER_ID")
  USING INDEX PCTFREE 10 INITRANS 2 MAXTRANS 255 COMPUTE STATISTICS 
  STORAGE(INITIAL 65536 NEXT 1048576 MINEXTENTS 1 MAXEXTENTS 2147483645
  PCTINCREASE 0 FREELISTS 1 FREELIST GROUPS 1
  BUFFER_POOL DEFAULT FLASH_CACHE DEFAULT CELL_FLASH_CACHE DEFAULT)
  TABLESPACE "SYSTEM"  ENABLE;
  ALTER TABLE "SYSTEM"."WEB_LIKE" MODIFY ("LIKE_USER_ID" NOT NULL ENABLE);
  ALTER TABLE "SYSTEM"."WEB_LIKE" MODIFY ("LIKE_REVIEW_ID" NOT NULL ENABLE);
--------------------------------------------------------
--  Constraints for Table WEB_MANAGER
--------------------------------------------------------

  ALTER TABLE "SYSTEM"."WEB_MANAGER" ADD CONSTRAINT "WEB_MANAGER_PK" PRIMARY KEY ("MANAGER_USERID")
  USING INDEX PCTFREE 10 INITRANS 2 MAXTRANS 255 COMPUTE STATISTICS 
  STORAGE(INITIAL 65536 NEXT 1048576 MINEXTENTS 1 MAXEXTENTS 2147483645
  PCTINCREASE 0 FREELISTS 1 FREELIST GROUPS 1
  BUFFER_POOL DEFAULT FLASH_CACHE DEFAULT CELL_FLASH_CACHE DEFAULT)
  TABLESPACE "SYSTEM"  ENABLE;
  ALTER TABLE "SYSTEM"."WEB_MANAGER" MODIFY ("MANAGER_USERID" NOT NULL ENABLE);
--------------------------------------------------------
--  Constraints for Table WEB_MODIFICATION
--------------------------------------------------------

  ALTER TABLE "SYSTEM"."WEB_MODIFICATION" ADD CONSTRAINT "WEB_MODIFICATION_PK" PRIMARY KEY ("MODIFICATION_ID")
  USING INDEX PCTFREE 10 INITRANS 2 MAXTRANS 255 COMPUTE STATISTICS 
  STORAGE(INITIAL 65536 NEXT 1048576 MINEXTENTS 1 MAXEXTENTS 2147483645
  PCTINCREASE 0 FREELISTS 1 FREELIST GROUPS 1
  BUFFER_POOL DEFAULT FLASH_CACHE DEFAULT CELL_FLASH_CACHE DEFAULT)
  TABLESPACE "SYSTEM"  ENABLE;
  ALTER TABLE "SYSTEM"."WEB_MODIFICATION" MODIFY ("MODIFICATION_ID" NOT NULL ENABLE);
--------------------------------------------------------
--  Constraints for Table WEB_OWNER
--------------------------------------------------------

  ALTER TABLE "SYSTEM"."WEB_OWNER" ADD CONSTRAINT "WEB_OWNER_PK" PRIMARY KEY ("OWNER_ID")
  USING INDEX PCTFREE 10 INITRANS 2 MAXTRANS 255 COMPUTE STATISTICS 
  STORAGE(INITIAL 65536 NEXT 1048576 MINEXTENTS 1 MAXEXTENTS 2147483645
  PCTINCREASE 0 FREELISTS 1 FREELIST GROUPS 1
  BUFFER_POOL DEFAULT FLASH_CACHE DEFAULT CELL_FLASH_CACHE DEFAULT)
  TABLESPACE "SYSTEM"  ENABLE;
  ALTER TABLE "SYSTEM"."WEB_OWNER" MODIFY ("OWNER_ID" NOT NULL ENABLE);
--------------------------------------------------------
--  Constraints for Table WEB_RENT
--------------------------------------------------------

  ALTER TABLE "SYSTEM"."WEB_RENT" ADD CONSTRAINT "WEB_RENT_PK" PRIMARY KEY ("RENT_ID")
  USING INDEX PCTFREE 10 INITRANS 2 MAXTRANS 255 COMPUTE STATISTICS 
  STORAGE(INITIAL 65536 NEXT 1048576 MINEXTENTS 1 MAXEXTENTS 2147483645
  PCTINCREASE 0 FREELISTS 1 FREELIST GROUPS 1
  BUFFER_POOL DEFAULT FLASH_CACHE DEFAULT CELL_FLASH_CACHE DEFAULT)
  TABLESPACE "SYSTEM"  ENABLE;
  ALTER TABLE "SYSTEM"."WEB_RENT" MODIFY ("RENT_ID" NOT NULL ENABLE);
--------------------------------------------------------
--  Constraints for Table WEB_REVIEW
--------------------------------------------------------

  ALTER TABLE "SYSTEM"."WEB_REVIEW" ADD CONSTRAINT "WEB_REVIEW_PK" PRIMARY KEY ("REVIEW_ID")
  USING INDEX PCTFREE 10 INITRANS 2 MAXTRANS 255 COMPUTE STATISTICS 
  STORAGE(INITIAL 65536 NEXT 1048576 MINEXTENTS 1 MAXEXTENTS 2147483645
  PCTINCREASE 0 FREELISTS 1 FREELIST GROUPS 1
  BUFFER_POOL DEFAULT FLASH_CACHE DEFAULT CELL_FLASH_CACHE DEFAULT)
  TABLESPACE "SYSTEM"  ENABLE;
  ALTER TABLE "SYSTEM"."WEB_REVIEW" MODIFY ("REVIEW_ID" NOT NULL ENABLE);
--------------------------------------------------------
--  Constraints for Table WEB_USER
--------------------------------------------------------

  ALTER TABLE "SYSTEM"."WEB_USER" ADD CONSTRAINT "WEB_USER_PK" PRIMARY KEY ("USER_ID")
  USING INDEX PCTFREE 10 INITRANS 2 MAXTRANS 255 COMPUTE STATISTICS 
  STORAGE(INITIAL 65536 NEXT 1048576 MINEXTENTS 1 MAXEXTENTS 2147483645
  PCTINCREASE 0 FREELISTS 1 FREELIST GROUPS 1
  BUFFER_POOL DEFAULT FLASH_CACHE DEFAULT CELL_FLASH_CACHE DEFAULT)
  TABLESPACE "SYSTEM"  ENABLE;
  ALTER TABLE "SYSTEM"."WEB_USER" MODIFY ("USER_LAST_NAME" NOT NULL ENABLE);
  ALTER TABLE "SYSTEM"."WEB_USER" MODIFY ("USER_FIRST_NAME" NOT NULL ENABLE);
  ALTER TABLE "SYSTEM"."WEB_USER" MODIFY ("USER_ID" NOT NULL ENABLE);
--------------------------------------------------------
--  Constraints for Table WEB_USER_FAVORITE
--------------------------------------------------------

  ALTER TABLE "SYSTEM"."WEB_USER_FAVORITE" ADD CONSTRAINT "WEB_USER_FAVORITE_PK" PRIMARY KEY ("FAVORITE_USER_ID", "FAVORITE_VILLA_ID")
  USING INDEX PCTFREE 10 INITRANS 2 MAXTRANS 255 COMPUTE STATISTICS 
  STORAGE(INITIAL 65536 NEXT 1048576 MINEXTENTS 1 MAXEXTENTS 2147483645
  PCTINCREASE 0 FREELISTS 1 FREELIST GROUPS 1
  BUFFER_POOL DEFAULT FLASH_CACHE DEFAULT CELL_FLASH_CACHE DEFAULT)
  TABLESPACE "SYSTEM"  ENABLE;
  ALTER TABLE "SYSTEM"."WEB_USER_FAVORITE" MODIFY ("FAVORITE_VILLA_ID" NOT NULL ENABLE);
  ALTER TABLE "SYSTEM"."WEB_USER_FAVORITE" MODIFY ("FAVORITE_USER_ID" NOT NULL ENABLE);
--------------------------------------------------------
--  Constraints for Table WEB_VILLA
--------------------------------------------------------

  ALTER TABLE "SYSTEM"."WEB_VILLA" ADD CONSTRAINT "WEB_VILLA_PK" PRIMARY KEY ("VILLA_ID")
  USING INDEX PCTFREE 10 INITRANS 2 MAXTRANS 255 COMPUTE STATISTICS 
  STORAGE(INITIAL 65536 NEXT 1048576 MINEXTENTS 1 MAXEXTENTS 2147483645
  PCTINCREASE 0 FREELISTS 1 FREELIST GROUPS 1
  BUFFER_POOL DEFAULT FLASH_CACHE DEFAULT CELL_FLASH_CACHE DEFAULT)
  TABLESPACE "SYSTEM"  ENABLE;
  ALTER TABLE "SYSTEM"."WEB_VILLA" MODIFY ("VILLA_ID" NOT NULL ENABLE);
  ALTER TABLE "SYSTEM"."WEB_VILLA" MODIFY ("VILLA_NAME" NOT NULL ENABLE);
--------------------------------------------------------
--  Constraints for Table WEB_VILLA_FEATURE
--------------------------------------------------------

  ALTER TABLE "SYSTEM"."WEB_VILLA_FEATURE" ADD CONSTRAINT "WEB_VILLA_FEATURE_PK" PRIMARY KEY ("VILLA_FEATURE_ID", "VILLA_FEATURE_VILLA_ID")
  USING INDEX PCTFREE 10 INITRANS 2 MAXTRANS 255 COMPUTE STATISTICS 
  STORAGE(INITIAL 65536 NEXT 1048576 MINEXTENTS 1 MAXEXTENTS 2147483645
  PCTINCREASE 0 FREELISTS 1 FREELIST GROUPS 1
  BUFFER_POOL DEFAULT FLASH_CACHE DEFAULT CELL_FLASH_CACHE DEFAULT)
  TABLESPACE "SYSTEM"  ENABLE;
  ALTER TABLE "SYSTEM"."WEB_VILLA_FEATURE" MODIFY ("VILLA_FEATURE_VILLA_ID" NOT NULL ENABLE);
  ALTER TABLE "SYSTEM"."WEB_VILLA_FEATURE" MODIFY ("VILLA_FEATURE_ID" NOT NULL ENABLE);
--------------------------------------------------------
--  Ref Constraints for Table WEB_COUPON_ID
--------------------------------------------------------

  ALTER TABLE "SYSTEM"."WEB_COUPON_ID" ADD CONSTRAINT "WEB_COUPON_ID_WEB_VILLA_FK1" FOREIGN KEY ("COUPON_VILLA_ID")
	  REFERENCES "SYSTEM"."WEB_VILLA" ("VILLA_ID") ON DELETE CASCADE ENABLE;
--------------------------------------------------------
--  Ref Constraints for Table WEB_INSPECT
--------------------------------------------------------

  ALTER TABLE "SYSTEM"."WEB_INSPECT" ADD CONSTRAINT "WEB_INSPECT_WEB_MANAGER_FK1" FOREIGN KEY ("INSPECT_MANAGER_USER_ID")
	  REFERENCES "SYSTEM"."WEB_MANAGER" ("MANAGER_USERID") ENABLE;
  ALTER TABLE "SYSTEM"."WEB_INSPECT" ADD CONSTRAINT "WEB_INSPECT_WEB_VILLA_FK1" FOREIGN KEY ("INSPECT_VILLA_ID")
	  REFERENCES "SYSTEM"."WEB_VILLA" ("VILLA_ID") ENABLE;
--------------------------------------------------------
--  Ref Constraints for Table WEB_LIKE
--------------------------------------------------------

  ALTER TABLE "SYSTEM"."WEB_LIKE" ADD CONSTRAINT "WEB_LIKE_WEB_REVIEW_FK1" FOREIGN KEY ("LIKE_REVIEW_ID")
	  REFERENCES "SYSTEM"."WEB_REVIEW" ("REVIEW_ID") ON DELETE CASCADE ENABLE;
  ALTER TABLE "SYSTEM"."WEB_LIKE" ADD CONSTRAINT "WEB_LIKE_WEB_USER_FK1" FOREIGN KEY ("LIKE_USER_ID")
	  REFERENCES "SYSTEM"."WEB_USER" ("USER_ID") ENABLE;
--------------------------------------------------------
--  Ref Constraints for Table WEB_MANAGER
--------------------------------------------------------

  ALTER TABLE "SYSTEM"."WEB_MANAGER" ADD CONSTRAINT "WEB_MANAGER_WEB_USER_FK1" FOREIGN KEY ("MANAGER_USERID")
	  REFERENCES "SYSTEM"."WEB_USER" ("USER_ID") ENABLE;
  ALTER TABLE "SYSTEM"."WEB_MANAGER" ADD CONSTRAINT "WEB_MANAGER_WEB_USER_FK2" FOREIGN KEY ("MANAGER_MANAGED_BY")
	  REFERENCES "SYSTEM"."WEB_USER" ("USER_ID") ENABLE;
--------------------------------------------------------
--  Ref Constraints for Table WEB_MODIFICATION
--------------------------------------------------------

  ALTER TABLE "SYSTEM"."WEB_MODIFICATION" ADD CONSTRAINT "WEB_MODIFICATION_WEB_MANA_FK1" FOREIGN KEY ("MODIFICATION_OWNER_ID")
	  REFERENCES "SYSTEM"."WEB_MANAGER" ("MANAGER_USERID") ENABLE;
  ALTER TABLE "SYSTEM"."WEB_MODIFICATION" ADD CONSTRAINT "WEB_MODIFICATION_WEB_VILL_FK1" FOREIGN KEY ("MODIFICATION_VILLA_ID")
	  REFERENCES "SYSTEM"."WEB_VILLA" ("VILLA_ID") ENABLE;
--------------------------------------------------------
--  Ref Constraints for Table WEB_OWNER
--------------------------------------------------------

  ALTER TABLE "SYSTEM"."WEB_OWNER" ADD CONSTRAINT "WEB_OWNER_WEB_MANAGER_FK1" FOREIGN KEY ("OWNER_MANAGER_USER_ID")
	  REFERENCES "SYSTEM"."WEB_MANAGER" ("MANAGER_USERID") ON DELETE SET NULL ENABLE;
  ALTER TABLE "SYSTEM"."WEB_OWNER" ADD CONSTRAINT "WEB_OWNER_WEB_OWNER_FK1" FOREIGN KEY ("OWNER_ID")
	  REFERENCES "SYSTEM"."WEB_OWNER" ("OWNER_ID") ON DELETE CASCADE ENABLE;
--------------------------------------------------------
--  Ref Constraints for Table WEB_RENT
--------------------------------------------------------

  ALTER TABLE "SYSTEM"."WEB_RENT" ADD CONSTRAINT "WEB_RENT_WEB_COUPON_ID_FK1" FOREIGN KEY ("RENT_COUPON_ID")
	  REFERENCES "SYSTEM"."WEB_COUPON_ID" ("COUPON_ID") ON DELETE CASCADE ENABLE;
  ALTER TABLE "SYSTEM"."WEB_RENT" ADD CONSTRAINT "WEB_RENT_WEB_USER_FK1" FOREIGN KEY ("RENT_USER_ID")
	  REFERENCES "SYSTEM"."WEB_USER" ("USER_ID") ENABLE;
  ALTER TABLE "SYSTEM"."WEB_RENT" ADD CONSTRAINT "WEB_RENT_WEB_VILLA_FK1" FOREIGN KEY ("RENT_VILLA_ID")
	  REFERENCES "SYSTEM"."WEB_VILLA" ("VILLA_ID") ON DELETE CASCADE ENABLE;
--------------------------------------------------------
--  Ref Constraints for Table WEB_REVIEW
--------------------------------------------------------

  ALTER TABLE "SYSTEM"."WEB_REVIEW" ADD CONSTRAINT "WEB_REVIEW_WEB_USER_FK1" FOREIGN KEY ("REVIEW_USER_ID")
	  REFERENCES "SYSTEM"."WEB_USER" ("USER_ID") ENABLE;
  ALTER TABLE "SYSTEM"."WEB_REVIEW" ADD CONSTRAINT "WEB_REVIEW_WEB_VILLA_FK1" FOREIGN KEY ("REVIEW_VILLA_ID")
	  REFERENCES "SYSTEM"."WEB_VILLA" ("VILLA_ID") ON DELETE CASCADE ENABLE;
--------------------------------------------------------
--  Ref Constraints for Table WEB_USER_FAVORITE
--------------------------------------------------------

  ALTER TABLE "SYSTEM"."WEB_USER_FAVORITE" ADD CONSTRAINT "WEB_USER_FAVORITE_WEB_USE_FK1" FOREIGN KEY ("FAVORITE_USER_ID")
	  REFERENCES "SYSTEM"."WEB_USER" ("USER_ID") ENABLE;
  ALTER TABLE "SYSTEM"."WEB_USER_FAVORITE" ADD CONSTRAINT "WEB_USER_FAVORITE_WEB_VIL_FK1" FOREIGN KEY ("FAVORITE_VILLA_ID")
	  REFERENCES "SYSTEM"."WEB_VILLA" ("VILLA_ID") ON DELETE CASCADE ENABLE;
--------------------------------------------------------
--  Ref Constraints for Table WEB_VILLA
--------------------------------------------------------

  ALTER TABLE "SYSTEM"."WEB_VILLA" ADD CONSTRAINT "WEB_VILLA_WEB_OWNER_FK1" FOREIGN KEY ("VILLA_OWNER_ID")
	  REFERENCES "SYSTEM"."WEB_OWNER" ("OWNER_ID") ON DELETE SET NULL ENABLE;
--------------------------------------------------------
--  Ref Constraints for Table WEB_VILLA_FEATURE
--------------------------------------------------------

  ALTER TABLE "SYSTEM"."WEB_VILLA_FEATURE" ADD CONSTRAINT "WEB_VILLA_FEATURE_WEB_FEA_FK1" FOREIGN KEY ("VILLA_FEATURE_ID")
	  REFERENCES "SYSTEM"."WEB_FEATURES" ("FEATURE_ID") ON DELETE CASCADE ENABLE;
  ALTER TABLE "SYSTEM"."WEB_VILLA_FEATURE" ADD CONSTRAINT "WEB_VILLA_FEATURE_WEB_VIL_FK1" FOREIGN KEY ("VILLA_FEATURE_VILLA_ID")
	  REFERENCES "SYSTEM"."WEB_VILLA" ("VILLA_ID") ON DELETE CASCADE ENABLE;
